Model,RMSE_Log,RMSE_Dollar,MAE_Dollar,R2_Score
Baseline,0.12151927282232139,20527.15048591536,14382.842041469132,0.9124020587118592
Tuned,0.12671855156973463,20438.95335773689,14800.572345890418,0.9047458346691428
